{
    "WORK": {
        "type": "CombinedPowerExpon",
        "coeffOFFICE": 4.63960105e+02,
        "coeffSHOP": 1.19234907e+02,
        "coeffSCHOOL": 2.58926150e+02,
        "coeffUNI": 4.68949439e+01,
        "coeff0": -4.92528346e-02,
        "coeff1": -8.86756843e-01
    },
    "SCHOOL": {
        "type": "LogNorm",
        "coeffOFFICE": 0.0,
        "coeffSHOP": 0.0,
        "coeffSCHOOL": 5.20351630e+02,
        "coeffUNI": 8.35261811e+02,
        "coeff0": -2.34516287e-01,
        "coeff1": -1.19973122e+00
    },
    "SHOPPING": {
        "type": "LogNorm",
        "coeffOFFICE": 0.0,
        "coeffSHOP": 121.2733458,
        "coeffSCHOOL": 0.0,
        "coeffUNI": 0.0,
        "coeff0": -0.21814058,
        "coeff1": -1.47883183
    },
    "OTHER": {
        "type": "LogNorm",
        "coeffOFFICE": 45.42329389,
        "coeffSHOP": 46.74277339,
        "coeffSCHOOL": 150.39053478,
        "coeffUNI": 13.81517382,
        "coeff0": -0.20322532,
        "coeff1": -1.13845766
    }
}