{
    "WORK": {
        "type": "CombinedPowerExpon",
        "coeffResidentialArea": 2.7774393864607218e-05,
        "coeffCommercialArea": 1.9987109719628138e-05,
        "coeffIndustrialArea": 0.0,
        "coeffOtherArea": 1.6500889386529126e-05,
        "coeffOfficeUnits": 0.0,
        "coeffShopUnits": 0.0,
        "coeffSchoolUnits": 0.0,
        "coeffUniUnits": 0.0,
        "coeffCommercialUnits": 0.0,
        "coeffIndustrialUnits": 0.024963475327196834,
        "coeff0": -0.05136508,
        "coeff1": -0.88270226
    },
    "SCHOOL": {
        "type": "LogNormPower",
        "coeffResidentialArea": 2.440055557203975e-05,
        "coeffCommercialArea": 0.0,
        "coeffIndustrialArea": 0.0,
        "coeffOtherArea": 1.5820490412450284e-05,
        "coeffOfficeUnits": 0.0,
        "coeffShopUnits": 0.0,
        "coeffSchoolUnits": 0.30913729321786604,
        "coeffUniUnits": 0.0,
        "coeffCommercialUnits": 0.0,
        "coeffIndustrialUnits": 0.0,
        "coeff0": -0.30873721,
        "coeff1": -1.14620849,
        "coeff2": 0.0102252
    },
    "SHOPPING": {
        "type": "LogNorm",
        "coeffResidentialArea": 2.7207198819799297e-05,
        "coeffCommercialArea": 1.8111063442686075e-05,
        "coeffIndustrialArea": 0.0,
        "coeffOtherArea": 1.5096959201657834e-05,
        "coeffOfficeUnits": 0.0,
        "coeffShopUnits": 0.0,
        "coeffSchoolUnits": 0.0,
        "coeffUniUnits": 0.0,
        "coeffCommercialUnits": 0.004934436975020467,
        "coeffIndustrialUnits": 0.0,
        "coeff0": -0.26381486,
        "coeff1": -1.43246737
    },
    "OTHER": {
        "type": "LogNormPower",
        "coeffResidentialArea": 2.690515926864405e-05,
        "coeffCommercialArea": 1.5009683573652323e-05,
        "coeffIndustrialArea": 0.0,
        "coeffOtherArea": 1.5504440614756702e-05,
        "coeffOfficeUnits": 0.0,
        "coeffShopUnits": 0.0,
        "coeffSchoolUnits": 0.09422111289778654,
        "coeffUniUnits": 0.0,
        "coeffCommercialUnits": 0.005808031550477335,
        "coeffIndustrialUnits": 0.01630291317701124,
        "coeff0": -0.28067401,
        "coeff1": -1.01029279,
        "coeff2":  0.00907028
    }
}